filename,prompt
001.png,sunset at Malibu
002.png,fruit pyramid
003.png,Bart Simpson
004.png,New York skyline
005.png,A robot eating pizza
006.png,Lisa Simpson dancing
007.png,Hawaii palmtree
008.png,White shark
009.png,Sweet flamingo
010.png,flamingo eating
011.png,happy dinosaur
012.png,angry dinosaur
013.png,pink princess
014.png,princess
015.png,horse rider having fun
016.png,big casino
017.png,casino
018.png,UK flag
019.png,UK queen
020.png,peace and love
021.png,fire cracker
022.png,a purple fire cracker
023.png,US army
024.png,US gun
025.png,big forest
026.png,big green forest
027.png,baby yoda
028.png,Star Wars yoda
029.png,candy crush
030.png,candy crush video game
031.png,big Mexican cactus
032.png,big cactus
033.png,round cactus
034.png,fish cartoon
035.png,baby fish cartoon
036.png,happy fish
037.png,fish swimming
038.png,frog with a crown
039.png,princess frog
040.png,frog with big eyes
041.png,flower
042.png,roses
043.png,flowers bucket
044.png,giraffe
045.png,colorful giraffe
046.png,happy giraffe
047.png,Bart Simpson skarting
048.png,Bart Simpson drinking soda
049.png,an ugly big shark
050.png,funny cartoon shark
051.png,field plenty of sunflowers
052.png,big sunflower
053.png,sunflower with flowers
054.png,cow with glasses
055.png,cow drinking milk
056.png,baby cow
057.png,magic witch
058.png,old witch
059.png,witch with an animal
060.png,pink witch
061.png,happy puppy
062.png,puppy drinking water
063.png,puppy eating
064.png,a group of puppies
065.png,cartoon cat
066.png,cat with its baby
067.png,picasso colorful painting
068.png,Picasso's painting
069.png,rayo mcqueen cartoon
070.png,red rayo mcqueen
071.png,blonde moustache
072.png,hipster moustache
073.png,Dali's moustache
074.png,honey bear
075.png,big bear in a forest
076.png,baby bear
077.png,polar bear
078.png,fast food
079.png,pizza fast food
080.png,burger fast food
081.png,purple octopus
082.png,big octopus at the sea
083.png,colorful octopus
084.png,sea
085.png,dark blue sea
086.png,minion cartoon
087.png,minions having fun
088.png,sunset at the beach
089.png,minion eating
090.png,fruits
091.png,palmtree with coconuts
092.png,robot with oil
093.png,new york times
094.png,Times Square of New York
095.png,big shark eating fishes
096.png,baby shark
097.png,musical note
098.png,musical staff
099.png,a guitar playing music
100.png,electric guitar
101.png,minion in the space cartoon
102.png,minion cartoon
103.png,minion cartoon
104.png,minion cartoon
105.png,building cartoon
106.png,minion eating a pizza cartoon
107.png,rick and morty ship in the space
108.png,typical Japan tree cartoon
109.png,sakura tree
110.png,cherry Blossom flower
111.png,sea turtle nemo having fun
112.png,sea turtle nemo cartoon
113.png,turtle cartoon
114.png,Lilo and Stitch cartoon
115.png,horoscope
116.png,Bee flying on a flower
117.png,Bee and flower
118.png,A digital illustration of a steampunk library with clockwork machines
119.png,"A digital illustration of a steampunk library with clockwork machines, 4k, detailed, trending in artstation, fantasy vivid colors"
120.png,"A digital illustration of a treetop house with fireflies, vivid colors, 4k, fantasy [,/organic]"
121.png,"A digital illustration of a treetop house with flowers, dark colors, 4k"
122.png,"A digital illustration of a star in the sea, dark colors"
123.png,typical mexican food
124.png,Dubai City
125.png,Fifth Avenue of New York
126.png,New York City
127.png,typical yellow bus united states
128.png,yellow bus
129.png,"typical bicycle, Amsterdam, flowers"
130.png,someone cycling in Amsterdam
131.png,american fast food
132.png,fast food
133.png,coca cola
134.png,"fanta, friends, smile"
135.png,worm that walks through the field
136.png,worm that walks through the field with glasses cartoon
137.png,worm lying on a leaf in the amazon
138.png,bee above a field of tulipans
139.png,"bee above a field of daisies, hot spring day"
140.png,smiling ladybug drawing
141.png,two little bears cartoon
142.png,little bears cartoon with his mother
143.png,white bear drawing
144.png,cartoon of an older lion
145.png,caricature of an older lion dressed in a suit
146.png,caricature of a lion and a lioness smiling
147.png,caricature of a cute playful little lion
148.png,karate bear with black belt
149.png,dancing bear costume dress
150.png,cartoon of an iguana with glasses on top of a leaf
151.png,caricature of a dog with glasses
152.png,caricature of a dog smiling
153.png,caricature of a dog eating a bone
154.png,cartoon of a little dog and little cat
155.png,the rabbit from alice in wonderland with the clock in his hand
156.png,a rabbit with the clock in his hand
157.png,the little Mermaid cartoon
158.png,the little Mermaid princess drawing
159.png,disney princesses caricature
160.png,"snow white, cinderella, beauty and the beast drawing"
161.png,princess jasmine drawing
162.png,fast food in Central Park of New York
163.png,fast food in a supermarket
164.png,energy drink
165.png,vintage design
166.png,design of a vintage sofa cartoon
167.png,design of a vintage painting
168.png,vintage abstract painting
169.png,abstract picasso painting
170.png,abstract dali painting
171.png,abstract art
172.png,vintage harley
173.png,caricature of a harley with the big wheels
174.png,drawing of a motorcycle with big wheels
175.png,red car cartoon
176.png,yellow bus cartoon
177.png,yellow bus cartoon in the middle of the city
178.png,bus in a big avenue cartoon
179.png,popcorn cartoon
180.png,people eating popcorn at the movies
181.png,cinema and popcorn
182.png,terrifying movie
183.png,terrifying fictional character
184.png,scary halloween night
185.png,halloween pumpkins
186.png,halloween devilish night cartoon
187.png,sailboat in the ocean
188.png,sailboat in the amazonas river
189.png,fisherman in a saliboat
190.png,fisherman in a saliboat with other boats
191.png,sympathy fish cartoon
192.png,fish with sunglasses cartoon
193.png,fish in a fishbowl cartoon
194.png,basketball player
195.png,basketball court
196.png,NBA basketball
197.png,vertical rose drawing
198.png,drawing of roses in the field
199.png,two intertwined tulips
200.png,a tulip in the middle of the field